URL,Domain,Anchor
about.html,about.html,Find out more about us
blog-post.html,blog-post.html,View Analysis
brochures-technical-info.html,brochures-technical-info.html,Brochures & Technical Info
case.html,case.html,Projects
clients.html,clients.html,More testimonials
consultancy-services.html,consultancy-services.html,Consultancy Services
contacts.html,contacts.html,
estimate-your-solar-savings.html,estimate-your-solar-savings.html,Calculate My Savings
get-quote-form.html,get-quote-form.html,Get A Quote
index.html,index.html,
our-team.html,our-team.html,Our team
privacy.html,privacy.html,Privacy Policy
products.html,products.html,Products
services.html,services.html,Utility Scale
solar-epc-services.html,solar-epc-services.html,Commercial & Industrial
why-choose-our-system.html,why-choose-our-system.html,Why Choose Us?
